"Time [min]","Event Name","Chamber","Event Text","1A: O2 concentration [µM]","1B: O2 concentration [µM]","1A: O2 slope neg. [pmol·s-1·mL-1]","1B: O2 slope neg. [pmol·s-1·mL-1]","1: Temperature [°C]","1: Peltier power [%]"
78.8333,"","","",542.254,532.908,251.921,242.769,37,10.195
78.8667,"","","",541.82,532.594,255.051,244.895,37.001,10.191
78.9000,"","","",541.517,532.312,257.6,246.354,37.001,10.164
78.9333,"","","",541.223,531.944,259.283,247.312,37,10.194
78.9667,"","","",540.906,531.632,260.305,247.409,37.001,10.149
79.0000,"","","",540.325,531.294,261.292,246.508,37,10.181
79.0333,"","","",539.851,530.825,262.041,245.142,37.001,10.145
79.0667,"","","",539.603,530.427,261.937,243.391,37.001,10.133
79.1000,"","","",539.178,530.033,261.053,241.32,37,10.144
79.1333,"","","",538.845,529.796,259.256,238.448,37,10.147
79.1667,"","","",538.59,529.473,256.656,234.973,36.999,10.174
79.2000,"","","",538.202,529.159,253.323,230.517,37.001,10.151
79.2333,"","","",537.739,528.674,249.312,225.465,37.001,10.135
79.2667,"","","",537.179,528.402,244.841,219.573,37.001,10.111
79.3000,"","","",536.663,528.039,239.934,213.165,37,10.113
79.3333,"","","",536.335,527.444,233.941,206.276,36.999,10.139
79.3667,"","","",536.002,527.062,226.138,197.513,37,10.152
79.4000,"","","",535.734,526.716,217.644,190.344,37,10.124
79.4333,"","","",535.272,526.253,210.811,186.95,37.002,10.074
79.4667,"","","",534.781,525.884,205.996,185.741,37.002,10.071
79.5000,"","","",534.29,525.658,202.982,185.305,37.002,10.054
79.5333,"","","",533.927,525.216,201.248,185.236,37,10.079
79.5667,"","","",533.464,524.79,200.329,185.329,36.999,10.1
79.6000,"","","",532.967,524.506,199.909,185.027,37,10.107
79.6333,"","","",532.578,524.047,199.748,184.933,37.001,10.079
79.6667,"","","",532.34,523.579,199.637,184.932,37,10.096
79.7000,"","","",532.174,523.252,199.133,184.895,37,10.119
79.7333,"","","",531.983,522.845,198.345,184.792,37,10.128
79.7667,"","","",531.66,522.385,197.278,184.797,36.999,10.145
79.8000,"","","",531.038,521.696,196.439,185.728,37.001,10.119
79.8333,"","","",530.466,521.276,196.09,187.027,36.999,10.142
79.8667,"","","",530.131,520.71,195.956,188.722,37.001,10.115
79.9000,"","","",529.768,520.217,196.022,190.508,37.001,10.107
79.9333,"","","",529.317,520.048,196.427,191.844,37.001,10.09
79.9667,"","","",528.778,519.709,196.978,192.901,37,10.077
80.0000,"","","",528.467,519.216,197.195,194.087,37.001,10.064
80.0333,"","","",528.025,518.955,197.557,194.897,37,10.05
80.0667,"","","",527.496,518.505,198.122,195.968,36.999,10.078
80.1000,"","","",526.832,518.221,198.95,196.962,37.001,10.047
80.1333,"","","",526.356,517.841,199.824,197.915,37.001,10.046
80.1667,"","","",525.938,517.455,200.957,198.718,36.999,10.077
80.2000,"","","",525.564,517.146,202.078,199.24,36.998,10.096
80.2333,"","","",525.207,516.675,202.91,199.716,36.999,10.105
80.2667,"","","",524.902,516.239,203.335,200.233,36.999,10.124
80.3000,"","","",524.428,515.686,203.706,200.888,36.999,10.138
80.3333,"","","",524.035,515.197,204.367,201.59,36.998,10.169
80.3667,"","","",523.557,514.79,205.286,202.429,36.999,10.174
80.4000,"","","",523.121,514.277,205.951,203.467,37.001,10.14
80.4333,"","","",522.859,513.866,206.366,204.501,37.002,10.096
80.4667,"","","",522.54,513.39,206.473,205.344,37.001,10.113
80.5000,"","","",522.136,513.006,206.281,205.971,37.002,10.072
80.5333,"","","",521.624,512.698,206.229,206.22,37.001,10.075
80.5667,"","","",521.283,512.36,206.137,206.477,36.999,10.102
80.6000,"","","",520.928,512.142,206.225,206.125,36.998,10.17
80.6333,"","","",520.321,512.066,206.891,205.084,36.998,10.17
80.6667,"","","",519.967,512,207.306,203.81,36.998,10.187
80.7000,"","","",519.538,511.489,207.609,202.756,36.999,10.183
80.7333,"","","",519.171,510.936,207.555,201.917,37.001,10.154
80.7667,"","","",518.765,510.555,207.578,201.187,37.001,10.151
80.8000,"","","",518.316,510.163,207.818,200.41,37,10.177
80.8333,"","","",517.92,509.885,208.182,199.102,37.001,10.134
80.8667,"","","",517.518,509.627,208.444,197.637,37.003,10.09
80.9000,"","","",517.109,509.348,208.803,196.04,37.001,10.121
80.9333,"","","",516.724,509.107,209.289,193.98,36.999,10.152
80.9667,"","","",516.429,508.676,209.538,192.145,37,10.149
81.0000,"","","",516.003,508.29,209.511,190.476,37.001,10.122
81.0333,"","","",515.445,507.826,209.291,188.85,37.001,10.11
81.0667,"","","",514.979,507.23,208.72,187.651,37,10.124
81.1000,"","","",514.615,506.693,207.841,186.854,37,10.125
81.1333,"","","",514.261,506.2,207.209,186.811,36.999,10.158
81.1667,"","","",513.906,505.563,206.751,187.288,37,10.16
81.2000,"","","",513.471,505.084,206.18,188.255,37.001,10.141
81.2333,"","","",513.007,504.591,205.593,189.606,37,10.165
81.2667,"","","",512.502,504.164,205.223,190.598,36.999,10.182
81.3000,"","","",511.958,503.831,205.309,191.36,36.999,10.198
81.3333,"","","",511.416,503.341,205.406,192.477,37.001,10.146
81.3667,"","","",510.898,502.902,205.702,193.409,37.001,10.132
81.4000,"","","",510.424,502.547,206.276,194.351,37.002,10.121
81.4333,"","","",510.026,502.096,207.253,195.167,37.001,10.106
81.4667,"","","",509.68,501.661,208.201,195.998,37.002,10.086
81.5000,"","","",509.257,501.21,209.162,196.877,37,10.109
81.5333,"","","",508.933,500.77,209.871,197.63,37,10.134
81.5667,"","","",508.596,500.384,210.322,198.459,37,10.129
81.6000,"","","",508.181,500.059,210.561,199.195,36.999,10.168
81.6333,"","","",507.705,499.773,211.013,200,37,10.168
81.6667,"","","",507.203,499.351,211.571,201.023,37,10.175
81.7000,"","","",506.799,498.885,212.207,202.195,37.001,10.136
81.7333,"","","",506.434,498.36,212.778,203.822,37.001,10.127
81.7667,"","","",505.889,497.893,213.284,205.601,37.001,10.106
81.8000,"","","",505.573,497.577,213.389,207.376,37.001,10.098
81.8333,"","","",505.294,497.168,213.191,209.154,37.001,10.086
81.8667,"","","",504.87,496.722,213.173,210.852,36.999,10.117
81.9000,"","","",504.377,496.332,213.142,212.417,37.001,10.09
81.9333,"","","",503.85,495.911,213.17,213.666,37,10.094
81.9667,"","","",503.393,495.553,213.6,214.196,37.001,10.059
82.0000,"","","",502.946,495.193,213.942,213.96,37.001,10.056
82.0333,"","","",502.504,494.719,214.319,213.996,36.998,10.109
82.0667,"","","",502.068,494.349,214.602,214.2,36.999,10.121
82.1000,"","","",501.558,493.913,214.994,214.381,36.999,10.124
82.1333,"","","",501.155,493.52,215.374,214.471,37,10.127
82.1667,"","","",500.736,493.18,215.671,214.158,37,10.139
82.2000,"","","",500.387,492.835,215.768,213.404,37,10.12
82.2333,"","","",500.017,492.465,215.721,212.289,37,10.123
82.2667,"","","",499.544,491.976,215.676,210.947,37,10.125
82.3000,"","","",499.016,491.568,215.552,209.573,37,10.111
82.3333,"","","",498.559,491.323,215.451,207.785,37,10.111
82.3667,"","","",498.214,490.964,215.415,205.954,36.999,10.136
82.4000,"","","",497.899,490.559,215.238,204.429,37,10.123
82.4333,"","","",497.441,490.143,214.994,203.136,37.001,10.106
82.4667,"","","",497.059,489.578,214.52,202.271,36.999,10.147
82.5000,"","","",496.612,489.135,213.932,201.881,37,10.146
82.5333,"","","",496.341,488.81,213.056,201.465,36.999,10.173
82.5667,"","","",496.027,488.434,212.038,201.159,37.001,10.137
82.6000,"","","",495.499,488.033,211.363,200.892,37.001,10.145
82.6333,"","","",495.12,487.587,210.835,200.568,37,10.127
82.6667,"","","",494.619,487.158,210.685,200.446,37,10.125
82.7000,"","","",494.288,486.908,210.562,200.108,37,10.113
82.7333,"","","",493.934,486.405,210.438,199.872,37,10.121
82.7667,"","","",493.444,486.029,210.431,199.679,36.999,10.152
82.8000,"","","",493.064,485.596,210.227,199.606,37,10.155
82.8333,"","","",492.651,485.171,210.034,199.669,36.999,10.192
82.8667,"","","",492.302,484.573,209.544,200.169,37,10.185
82.9000,"","","",491.799,484.272,209.062,200.441,37,10.196
82.9333,"","","",491.246,483.862,208.815,200.578,37.001,10.178
82.9667,"","","",490.807,483.477,208.698,200.45,36.999,10.215
83.0000,"","","",490.4,483.08,208.704,200.329,37,10.192
83.0333,"","","",489.975,482.762,208.69,200.161,37.002,10.152
83.0667,"","","",489.505,482.357,208.658,200.231,37.002,10.148
83.1000,"","","",489.188,481.976,208.665,200.394,37.002,10.112
83.1333,"","","",488.736,481.5,208.54,200.545,37.002,10.104
83.1667,"","","",488.319,481.204,208.137,200.515,37.002,10.087
83.2000,"","","",487.884,480.847,207.752,200.496,37.001,10.097
83.2333,"CYTOC","Both","",487.354,480.415,207.692,200.531,37.002,10.063
83.2667,"","","",486.695,480.002,208.254,200.636,37.002,10.049
83.3000,"","","",486.013,479.577,209.332,200.715,37,10.09
83.3333,"","","",485.484,479.265,210.608,200.558,37,10.067
83.3667,"","","",485.01,478.895,211.963,200.495,36.999,10.108
83.4000,"","","",484.625,478.415,213.219,200.538,36.999,10.108
83.4333,"","","",484.294,477.894,214.425,200.877,37.001,10.095
83.4667,"","","",483.932,477.318,215.449,201.523,37,10.092
83.5000,"","","",483.333,476.607,216.759,202.603,37,10.068
83.5333,"","","",482.753,476.163,218.168,203.605,37,10.083
83.5667,"","","",482.217,475.677,219.616,204.644,36.999,10.097
83.6000,"","","",481.755,475.262,221.147,205.806,37.001,10.061
83.6333,"","","",481.398,474.87,222.68,206.903,37.001,10.061
83.6667,"","","",481.041,474.361,224.09,207.835,36.999,10.085
83.7000,"","","",480.772,473.996,225.012,208.534,37,10.098
83.7333,"","","",480.408,473.527,225.571,209.278,37,10.085
83.7667,"","","",479.97,473.101,226.17,210.006,37.001,10.075
83.8000,"","","",479.494,472.787,226.735,210.795,36.999,10.099
83.8333,"","","",478.882,472.353,227.633,211.654,37,10.073
83.8667,"","","",478.281,472.005,228.486,212.2,36.999,10.097
83.9000,"","","",477.727,471.493,229.263,212.83,37.001,10.049
83.9333,"","","",477.269,471.104,230.177,213.353,37.001,10.032
83.9667,"","","",476.739,470.771,231.081,213.756,37.001,10.023
84.0000,"","","",476.31,470.325,232.008,214.222,37.001,9.999
84.0333,"","","",475.869,469.894,232.661,214.377,36.999,10.036
84.0667,"","","",475.465,469.623,233.003,214.4,36.999,10.033
84.1000,"","","",475.054,469.392,233.309,213.994,36.998,10.09
84.1333,"","","",474.775,469.003,233.13,213.571,36.999,10.073
84.1667,"","","",474.329,468.574,232.845,213.194,37,10.086
84.2000,"","","",473.778,468.073,232.52,213.327,36.998,10.124
84.2333,"","","",473.314,467.511,232.274,213.518,36.997,10.151
84.2667,"","","",472.788,467.01,232.321,213.843,36.999,10.143
84.3000,"","","",472.34,466.716,232.3,213.865,36.999,10.15
84.3333,"","","",471.885,466.412,232.16,213.633,37,10.165
84.3667,"","","",471.417,466.057,231.958,213.099,37.001,10.127
84.4000,"","","",471.025,465.583,231.635,212.643,36.998,10.199
84.4333,"","","",470.665,465.151,230.846,212.136,36.998,10.188
84.4667,"","","",470.3,464.794,229.856,211.621,37,10.18
84.5000,"","","",469.782,464.44,228.887,210.754,37,10.175
84.5333,"","","",469.326,464.142,227.85,209.547,36.999,10.218
84.5667,"","","",468.874,463.732,226.918,208.354,37,10.185
84.6000,"","","",468.414,463.233,226.362,207.302,37,10.184
84.6333,"","","",468.022,462.885,226.119,206.131,37,10.184
84.6667,"","","",467.669,462.44,225.851,204.809,37.001,10.168
84.7000,"","","",467.26,462.077,225.574,203.283,37,10.175
84.7333,"","","",466.747,461.667,225.308,201.854,37.003,10.116
84.7667,"","","",466.254,461.317,224.904,200.495,37.004,10.081
84.8000,"","","",465.798,460.916,224.339,199.422,37.003,10.082
84.8333,"","","",465.349,460.502,224.045,198.935,37.003,10.069
84.8667,"","","",464.885,460.078,224.028,198.567,37.002,10.055
84.9000,"","","",464.434,459.691,224.191,198.334,37.001,10.053
84.9333,"","","",463.992,459.223,224.382,198.253,37.001,10.042
84.9667,"","","",463.583,458.776,224.343,198.24,37.001,10.021
85.0000,"","","",463.231,458.322,223.962,198.526,36.997,10.086
85.0333,"","","",462.85,457.897,223.125,198.787,36.998,10.08
85.0667,"","","",462.435,457.487,222.066,199.19,36.997,10.127
85.1000,"","","",462.007,457.175,220.945,199.479,36.998,10.115
85.1333,"","","",461.515,456.738,219.956,199.678,36.998,10.135
85.1667,"","","",461.154,456.205,219.117,200.179,36.997,10.158
85.2000,"","","",460.777,455.838,218.459,200.506,36.997,10.173
85.2333,"","","",460.3,455.377,218.098,201.144,36.997,10.187
85.2667,"","","",459.915,455.064,217.689,201.591,36.998,10.201
85.3000,"","","",459.383,454.625,217.644,201.977,37,10.179
85.3333,"","","",458.912,454.154,217.655,202.567,37,10.188
85.3667,"","","",458.424,453.846,217.776,203.033,36.999,10.22
85.4000,"","","",458.004,453.545,217.805,203.065,36.999,10.233
85.4333,"","","",457.565,453.061,217.79,202.919,37.001,10.211
85.4667,"","","",457.163,452.617,217.406,202.801,37.001,10.174
85.5000,"","","",456.786,452.222,216.918,202.693,37.001,10.167
85.5333,"","","",456.459,451.748,216.441,202.883,37,10.175
85.5667,"","","",456.107,451.312,215.876,203.419,36.999,10.198
85.6000,"","","",455.74,450.961,215.381,204.042,36.999,10.234
85.6333,"","","",455.345,450.629,214.87,204.333,36.999,10.229
85.6667,"","","",454.848,450.365,214.547,204.179,37,10.24
85.7000,"","","",454.282,450.014,214.562,203.846,37,10.252
85.7333,"","","",453.671,449.56,214.843,203.751,37.001,10.234
85.7667,"","","",453.254,449.141,214.951,203.748,37.001,10.199
85.8000,"","","",452.914,448.723,214.748,203.695,37.001,10.183
85.8333,"","","",452.396,448.277,214.857,203.633,37.002,10.145
85.8667,"","","",451.853,447.974,215.207,203.18,37.002,10.122
85.9000,"","","",451.451,447.562,215.522,202.753,37.003,10.103
85.9333,"","","",451.05,447.205,215.821,202.422,37.002,10.092
85.9667,"","","",450.592,446.844,216.082,201.916,37.001,10.095
86.0000,"","","",450.154,446.419,216.187,201.54,37,10.119
86.0333,"","","",449.831,446.034,216.029,201.062,36.999,10.167
86.0667,"","","",449.392,445.664,216.026,200.545,36.998,10.175
86.1000,"","","",448.924,445.22,216.198,200.013,37.001,10.124
86.1333,"","","",448.446,444.806,216.495,199.498,37.002,10.122
86.1667,"","","",448.083,444.36,216.692,199.085,37.002,10.089
86.2000,"","","",447.614,443.973,217.02,198.681,37.003,10.063
86.2333,"","","",447.092,443.634,217.551,198.13,37.001,10.079
86.2667,"","","",446.689,443.244,218.039,197.685,37.001,10.051
86.3000,"","","",446.223,442.818,218.544,197.382,37,10.039
86.3333,"","","",445.686,442.508,219.081,197.02,37,10.055
86.3667,"","","",445.252,442.142,219.498,196.662,36.998,10.07
86.4000,"","","",444.821,441.75,219.851,196.333,36.998,10.109
86.4333,"","","",444.339,441.366,220.256,195.829,36.998,10.105
86.4667,"","","",443.923,440.906,220.711,195.524,37,10.121
86.5000,"","","",443.437,440.429,221.099,195.631,36.998,10.159
86.5333,"","","",442.912,440.038,221.51,195.68,36.999,10.147
86.5667,"","","",442.494,439.718,221.928,195.718,37,10.133
86.6000,"","","",442.047,439.367,222.234,195.53,37,10.129
86.6333,"","","",441.6,438.976,222.705,195.43,37,10.125
86.6667,"","","",441.19,438.626,223.162,195.408,37,10.131
86.7000,"","","",440.817,438.257,223.578,195.197,36.999,10.159
86.7333,"","","",440.357,437.819,223.991,194.903,37,10.161
86.7667,"","","",439.894,437.395,224.438,194.84,37,10.179
86.8000,"","","",439.456,436.972,224.803,194.936,37,10.184
86.8333,"","","",439.127,436.547,224.835,195.101,37.002,10.14
86.8667,"","","",438.641,436.082,224.727,195.559,37,10.151
86.9000,"","","",438.221,435.771,224.394,195.954,37,10.151
86.9333,"","","",437.771,435.415,223.912,196.217,36.998,10.197
86.9667,"","","",437.29,435.053,223.383,196.323,37.001,10.157
87.0000,"","","",436.79,434.686,223.03,196.146,37.001,10.144
87.0333,"","","",436.398,434.33,222.788,195.823,37.001,10.123
87.0667,"","","",435.931,433.905,222.899,195.681,37.001,10.107
87.1000,"","","",435.519,433.463,222.903,195.684,37.001,10.097
87.1333,"","","",435.133,433.038,222.601,195.797,37,10.103
87.1667,"","","",434.701,432.719,222.417,195.882,37,10.112
87.2000,"","","",434.268,432.333,222.408,195.795,36.999,10.154
87.2333,"","","",433.876,431.876,222.242,195.869,36.998,10.192
87.2667,"","","",433.38,431.435,222.105,195.966,36.999,10.182
87.3000,"","","",432.978,431.1,221.928,195.891,36.999,10.196
87.3333,"","","",432.514,430.73,221.788,195.832,37,10.176
87.3667,"","","",432.026,430.308,221.508,195.815,37.001,10.151
87.4000,"","","",431.544,429.898,221.285,195.782,37,10.144
87.4333,"","","",431.082,429.541,221.132,195.779,37.001,10.121
87.4667,"","","",430.702,429.137,220.919,195.839,37.001,10.11
87.5000,"","","",430.402,428.781,220.288,195.939,37,10.125
87.5333,"","","",429.963,428.47,219.704,195.89,36.999,10.147
87.5667,"","","",429.479,428.091,219.355,195.731,36.998,10.181
87.6000,"","","",428.992,427.69,219.018,195.597,36.998,10.188
87.6333,"","","",428.545,427.213,218.734,195.696,37,10.191
87.6667,"","","",428.194,426.762,218.467,195.754,37,10.21
87.7000,"","","",427.721,426.436,218.259,195.633,37,10.2
87.7333,"","","",427.197,426.11,218.193,195.389,37,10.219
87.7667,"","","",426.783,425.729,218.159,195.115,37.002,10.166
87.8000,"","","",426.412,425.258,217.956,195.12,37.002,10.164
87.8333,"","","",425.973,424.932,217.848,195.169,37.001,10.158
87.8667,"PCR1","Both","",425.55,424.502,217.886,195.305,37,10.144
87.9000,"","","",425.267,424.117,217.616,195.301,37,10.131
87.9333,"","","",424.815,423.778,217.418,195.13,37.001,10.119
87.9667,"","","",424.307,423.443,217.391,194.861,36.999,10.159
88.0000,"","","",423.793,422.928,217.469,194.749,36.999,10.162
88.0333,"","","",423.3,422.568,217.537,194.534,37,10.174
88.0667,"","","",422.873,422.16,217.626,194.437,37.002,10.116
88.1000,"","","",422.444,421.702,217.749,194.523,37.001,10.121
88.1333,"","","",422.006,421.33,217.879,194.63,37.001,10.116
88.1667,"","","",421.492,420.944,217.945,194.792,36.999,10.151
88.2000,"","","",420.928,420.545,218.323,195.118,37,10.123
88.2333,"","","",420.481,420.12,218.667,195.361,37,10.113
88.2667,"","","",420.04,419.655,219.018,195.669,36.998,10.169
88.3000,"","","",419.562,419.316,219.504,195.817,36.999,10.156
88.3333,"","","",419.134,418.846,220.073,196.053,36.998,10.206
88.3667,"","","",418.672,418.485,220.583,196.148,36.999,10.203
88.4000,"","","",418.274,418.163,221.056,196.162,36.999,10.217
88.4333,"","","",417.839,417.923,221.463,195.989,37,10.225
88.4667,"","","",417.456,417.611,221.652,195.746,37,10.215
88.5000,"","","",417.007,417.197,221.835,195.428,37,10.22
88.5333,"","","",416.605,416.793,221.927,195.136,36.999,10.264
88.5667,"","","",416.23,416.401,221.801,194.98,37,10.255
88.6000,"","","",415.82,416.067,221.725,194.832,36.999,10.286
88.6333,"","","",415.304,415.693,221.719,194.572,36.999,10.298
88.6667,"","","",414.858,415.35,221.762,194.204,37.001,10.266
88.7000,"","","",414.453,414.941,221.829,193.955,37.001,10.249
88.7333,"","","",414.042,414.611,221.926,193.654,37.002,10.195
88.7667,"","","",413.599,414.261,222.079,193.247,37.002,10.179
88.8000,"","","",413.185,413.754,222.079,193.11,37.002,10.17
88.8333,"","","",412.857,413.367,221.614,192.923,37.002,10.16
88.8667,"","","",412.5,413,221,192.56,37.002,10.119
88.9000,"","","",412.126,412.645,220.363,192.123,37.002,10.131
88.9333,"","","",411.698,412.344,219.819,191.56,37,10.122
88.9667,"","","",411.199,412.017,219.424,191.072,37,10.133
89.0000,"","","",410.677,411.666,219.033,190.669,37.001,10.105
89.0333,"","","",410.286,411.318,218.621,190.113,37.001,10.085
89.0667,"","","",409.768,410.919,218.529,189.494,37,10.088
89.1000,"","","",409.317,410.573,218.424,188.816,36.999,10.11
89.1333,"","","",408.877,410.252,218.201,188.211,36.997,10.169
89.1667,"","","",408.504,409.876,217.856,187.512,36.997,10.163
89.2000,"","","",408.105,409.48,217.417,186.952,36.997,10.205
89.2333,"","","",407.699,409.102,216.629,186.414,36.997,10.219
89.2667,"","","",407.272,408.802,215.842,185.67,36.996,10.236
89.3000,"","","",406.829,408.419,215.198,184.864,36.997,10.254
89.3333,"","","",406.393,407.92,214.7,184.551,36.998,10.266
89.3667,"","","",406.013,407.555,214.214,184.192,36.997,10.274
89.4000,"","","",405.628,407.224,213.631,183.815,36.999,10.268
89.4333,"","","",405.172,406.965,213.088,183.392,37,10.27
89.4667,"","","",404.758,406.704,212.524,182.777,36.998,10.306
89.5000,"","","",404.336,406.265,212.103,182.336,36.999,10.322
89.5333,"","","",403.933,405.787,211.895,182.161,37.001,10.28
89.5667,"","","",403.556,405.417,211.643,182.096,37.002,10.258
89.6000,"","","",403.157,405.062,211.38,182.194,37.002,10.24
89.6333,"","","",402.738,404.645,211.218,182.339,37.002,10.216
89.6667,"","","",402.244,404.315,211.206,182.614,37.002,10.208
89.7000,"","","",401.825,404.017,211.264,182.766,37.003,10.176
89.7333,"","","",401.394,403.654,211.295,182.843,37.003,10.155
89.7667,"","","",400.941,403.225,211.409,182.806,37.003,10.144
89.8000,"","","",400.483,402.815,211.513,182.741,37.001,10.137
89.8333,"","","",400.079,402.409,211.625,182.826,37.001,10.136
89.8667,"","","",399.644,401.992,211.719,183.065,37.001,10.115
89.9000,"","","",399.205,401.643,211.746,183.306,36.999,10.159
89.9333,"","","",398.847,401.302,211.619,183.428,36.999,10.179
89.9667,"","","",398.495,400.929,211.536,183.568,36.998,10.195
90.0000,"","","",398.122,400.565,211.417,183.647,36.998,10.225
90.0333,"","","",397.735,400.234,211.216,183.732,36.999,10.218
90.0667,"","","",397.241,399.905,211.14,183.673,36.999,10.246
90.1000,"","","",396.847,399.57,211.058,183.521,36.999,10.251
90.1333,"","","",396.465,399.242,210.9,183.565,36.999,10.274
90.1667,"","","",396.029,398.751,210.603,183.891,36.999,10.286
90.2000,"","","",395.606,398.362,210.188,184.262,37,10.266
90.2333,"","","",395.205,397.984,209.641,184.635,37,10.279
90.2667,"","","",394.837,397.616,209.004,184.886,37,10.282
90.3000,"","","",394.34,397.236,208.652,185.078,37,10.273
90.3333,"","","",393.878,396.859,208.569,185.25,37.003,10.219
90.3667,"","","",393.433,396.474,208.474,185.405,36.998,10.303
90.4000,"","","",392.968,396.106,208.644,185.608,36.999,10.289
90.4333,"","","",392.571,395.878,208.834,185.502,37,10.276
90.4667,"","","",392.278,395.451,208.836,185.418,36.999,10.31
90.5000,"","","",391.806,395.084,208.86,185.34,36.999,10.311
90.5333,"","","",391.384,394.699,208.856,185.339,36.997,10.366
90.5667,"","","",390.936,394.326,208.884,185.361,36.997,10.39
90.6000,"","","",390.412,393.889,209.119,185.373,37,10.347
90.6333,"","","",389.971,393.536,209.432,185.368,37.002,10.299
90.6667,"","","",389.64,393.189,209.609,185.562,37.004,10.266
90.7000,"","","",389.386,392.841,209.408,185.711,37.004,10.262
90.7333,"","","",389.022,392.417,209.054,185.893,37.003,10.26
90.7667,"","","",388.628,392.09,208.74,185.782,37.002,10.242
90.8000,"","","",388.203,391.746,208.446,185.408,37.002,10.225
90.8333,"","","",387.842,391.424,208.073,185.063,37,10.244
90.8667,"","","",387.398,391.053,207.74,184.924,37.001,10.21
90.9000,"","","",386.836,390.721,207.607,184.722,37.003,10.161
90.9333,"","","",386.334,390.374,207.592,184.459,37.001,10.168
90.9667,"","","",385.849,389.91,207.692,184.469,37.002,10.14
91.0000,"","","",385.442,389.536,207.9,184.414,37.002,10.142
91.0333,"","","",385.079,389.294,208.004,183.989,37,10.159
91.0667,"","","",384.667,388.989,208.119,183.439,37,10.166
91.1000,"","","",384.269,388.677,208.264,182.91,37,10.163
91.1333,"","","",383.873,388.238,208.451,182.608,37.001,10.126
91.1667,"","","",383.377,387.781,208.762,182.554,36.999,10.173
91.2000,"","","",382.9,387.395,209.216,182.636,36.998,10.235
91.2333,"","","",382.597,387.104,209.5,182.553,36.997,10.238
91.2667,"","","",382.391,386.848,209.289,182.228,36.998,10.235
91.3000,"","","",382.131,386.438,208.687,182.016,37.001,10.208
91.3333,"","","",381.798,385.994,207.878,181.957,37,10.198
91.3667,"","","",381.342,385.586,207.116,181.913,37.001,10.172
91.4000,"","","",380.883,385.189,206.605,181.854,37,10.174
91.4333,"","","",380.456,384.859,206.098,181.663,37.001,10.135
91.4667,"","","",380.053,384.598,205.525,181.199,37.001,10.125
91.5000,"","","",379.562,384.165,205.148,181.099,37,10.13
91.5333,"","","",379.06,383.684,204.959,181.257,36.999,10.156
91.5667,"","","",378.573,383.369,204.881,181.343,36.998,10.191
91.6000,"","","",378.17,382.961,204.688,181.512,36.998,10.205
91.6333,"PCR2","Both","",377.819,382.629,204.53,181.643,37,10.171
91.6667,"","","",377.385,382.27,204.503,181.787,36.999,10.23
91.7000,"","","",376.913,381.785,204.647,182.19,37,10.192
91.7333,"","","",376.491,381.479,204.908,182.481,37,10.217
91.7667,"","","",376.185,381.181,204.948,182.384,37.001,10.172
91.8000,"","","",375.788,380.765,204.74,182.49,37.002,10.158
91.8333,"","","",375.345,380.392,204.703,182.606,37.001,10.17
91.8667,"","","",374.813,380.062,204.905,182.688,37,10.187
91.9000,"","","",374.366,379.779,205.231,182.633,36.999,10.191
91.9333,"","","",373.908,379.454,205.851,182.648,37,10.198
91.9667,"","","",373.587,379.083,206.357,182.667,37.001,10.18
92.0000,"","","",373.16,378.694,206.744,182.708,37,10.197
92.0333,"","","",372.758,378.289,206.808,182.8,37.001,10.143
92.0667,"","","",372.418,377.895,206.633,183.062,37,10.155
92.1000,"","","",371.983,377.667,206.455,183.008,37,10.156
92.1333,"","","",371.53,377.422,206.361,182.713,36.999,10.181
92.1667,"","","",371.099,377.044,206.187,182.382,36.999,10.201
92.2000,"","","",370.715,376.601,205.998,182.227,36.998,10.223
92.2333,"","","",370.367,376.246,205.961,182.005,36.999,10.231
92.2667,"","","",369.921,376.031,206.16,181.485,37,10.24
92.3000,"","","",369.558,375.671,206.418,181.17,37,10.249
92.3333,"","","",369.128,375.226,206.715,181.052,37,10.235
92.3667,"","","",368.768,374.886,206.839,180.679,37.001,10.241
92.4000,"","","",368.421,374.545,206.86,180.166,36.999,10.269
92.4333,"","","",368.08,374.187,206.746,179.553,36.999,10.277
92.4667,"","","",367.657,373.766,206.647,179.195,36.999,10.296
92.5000,"","","",367.209,373.387,206.802,179.051,36.999,10.313
92.5333,"","","",366.821,373.048,207.067,178.919,37,10.302
92.5667,"","","",366.44,372.71,207.104,178.618,37.001,10.282
92.6000,"","","",365.94,372.298,206.935,178.214,37,10.283
92.6333,"","","",365.533,372.014,206.469,177.753,37.001,10.247
92.6667,"","","",365.204,371.647,205.687,177.465,37.003,10.196
92.7000,"","","",364.87,371.328,204.836,177.199,37.003,10.194
92.7333,"","","",364.531,370.951,203.944,177.048,37.002,10.181
92.7667,"","","",364.176,370.525,202.987,176.976,37.001,10.182
92.8000,"","","",363.802,370.12,201.963,176.802,37.003,10.147
92.8333,"","","",363.413,369.76,201.07,176.759,37.001,10.155
92.8667,"","","",363.001,369.438,200.381,176.879,37.001,10.139
92.9000,"","","",362.55,369.147,199.948,176.802,36.999,10.171
92.9333,"","","",362.137,368.849,199.542,176.719,36.999,10.178
92.9667,"","","",361.691,368.516,199.122,176.561,37.001,10.137
93.0000,"","","",361.189,368.148,198.943,176.441,37,10.159
93.0333,"","","",360.827,367.805,198.813,176.559,36.999,10.184
93.0667,"","","",360.437,367.557,198.7,176.406,36.998,10.231
93.1000,"","","",360.041,367.19,198.395,176.191,37,10.216
93.1333,"","","",359.702,366.878,197.959,176.034,37,10.226
93.1667,"","","",359.301,366.6,197.599,175.801,36.999,10.27
93.2000,"","","",358.869,366.286,197.546,175.483,36.998,10.273
93.2333,"","","",358.453,365.807,197.619,175.294,37,10.266
93.2667,"","","",358.056,365.468,197.806,175.039,37.001,10.233
93.3000,"","","",357.713,365.068,197.75,174.918,37.001,10.215
93.3333,"","","",357.332,364.703,197.723,174.898,37,10.247
93.3667,"","","",356.985,364.341,197.621,175.005,37,10.249
93.4000,"","","",356.668,364.04,197.271,175.113,37.001,10.225
93.4333,"","","",356.256,363.828,197.034,174.746,37.001,10.193
93.4667,"","","",355.905,363.433,196.836,174.277,37.002,10.191
93.5000,"","","",355.478,363.001,196.781,174.01,37,10.194
93.5333,"","","",355.03,362.718,196.818,173.797,37,10.202
93.5667,"","","",354.606,362.433,196.829,173.488,37,10.187
93.6000,"","","",354.142,362.02,197.068,173.049,36.999,10.213
93.6333,"","","",353.764,361.566,197.216,172.818,36.999,10.223
93.6667,"","","",353.392,361.312,197.391,172.586,36.999,10.241
93.7000,"","","",352.975,360.984,197.545,172.303,37,10.231
93.7333,"","","",352.622,360.657,197.529,171.968,37.001,10.214
93.7667,"","","",352.266,360.28,197.339,171.709,37.001,10.2
93.8000,"","","",351.878,359.954,197.187,171.553,37,10.203
93.8333,"","","",351.474,359.626,197.158,171.428,36.999,10.226
93.8667,"","","",351.148,359.265,196.994,171.325,36.999,10.242
93.9000,"","","",350.771,358.937,196.78,171.177,37.001,10.221
93.9333,"","","",350.354,358.61,196.821,171.131,37,10.24
93.9667,"","","",349.947,358.286,196.929,170.939,37,10.224
94.0000,"","","",349.582,357.834,196.875,170.991,36.999,10.269
94.0333,"","","",349.219,357.534,196.661,170.909,37,10.251
94.0667,"","","",348.854,357.204,196.299,170.863,37.001,10.211
94.1000,"","","",348.454,356.837,195.879,171.017,37.001,10.194
94.1333,"","","",348.005,356.463,195.526,171.352,37,10.217
94.1667,"","","",347.584,356.161,195.211,171.648,36.999,10.252
94.2000,"","","",347.307,355.862,194.709,171.834,36.999,10.26
94.2333,"","","",347.015,355.488,194.137,171.993,36.999,10.276
94.2667,"","","",346.553,355.091,193.746,172.167,36.999,10.287
94.3000,"","","",346.166,354.718,193.459,172.374,37.001,10.255
94.3333,"","","",345.786,354.366,193.376,172.639,37.001,10.235
94.3667,"","","",345.435,354.098,193.186,172.761,37.001,10.21
94.4000,"","","",344.983,353.83,193.13,172.565,37.001,10.218
94.4333,"","","",344.576,353.472,193.129,172.44,37,10.235
94.4667,"","","",344.268,353.116,192.894,172.28,36.999,10.248
94.5000,"","","",343.85,352.753,192.748,172.028,37,10.239
94.5333,"","","",343.532,352.439,192.564,171.655,37.002,10.19
94.5667,"","","",343.16,352.104,192.421,171.518,37.002,10.168
94.6000,"","","",342.708,351.771,192.434,171.357,37.001,10.165
94.6333,"","","",342.318,351.38,192.38,171.394,37.001,10.15
94.6667,"","","",341.951,351.018,192.285,171.512,37,10.177
94.7000,"","","",341.636,350.698,191.993,171.626,36.999,10.213
94.7333,"","","",341.198,350.467,191.673,171.464,36.997,10.27
94.7667,"","","",340.768,350.181,191.479,170.957,36.998,10.251
94.8000,"","","",340.31,349.78,191.344,170.664,36.999,10.254
94.8333,"","","",339.887,349.393,191.341,170.628,37.002,10.213
94.8667,"","","",339.486,349.071,191.471,170.45,37,10.216
94.9000,"","","",339.068,348.727,191.724,170.17,37,10.215
94.9333,"","","",338.683,348.444,192.116,169.916,36.999,10.246
94.9667,"","","",338.265,348.098,192.546,169.894,36.999,10.266
95.0000,"","","",337.812,347.751,193.068,169.732,36.998,10.28
95.0333,"","","",337.415,347.401,193.656,169.569,36.998,10.306
95.0667,"","","",337.089,347.019,194.062,169.459,37,10.31
95.1000,"","","",336.77,346.681,194.277,169.412,37.002,10.259
95.1333,"","","",336.298,346.312,194.648,169.393,37.001,10.24
95.1667,"","","",335.844,345.906,195.165,169.468,37.001,10.217
95.2000,"","","",335.436,345.641,195.59,169.433,37.001,10.209
95.2333,"","","",335.092,345.26,195.894,169.448,36.999,10.26
95.2667,"","","",334.731,344.873,196.189,169.519,36.999,10.252
95.3000,"","","",334.371,344.612,196.461,169.399,36.999,10.274
95.3333,"","","",334,344.324,196.651,169.394,36.999,10.279
95.3667,"","","",333.601,343.939,196.807,169.402,37,10.292
95.4000,"","","",333.23,343.614,196.879,169.363,36.999,10.312
95.4333,"","","",332.805,343.355,197.032,169.23,37,10.298
95.4667,"","","",332.427,342.993,197.272,169.213,37,10.305
95.5000,"","","",332.115,342.747,197.431,168.962,37,10.319
95.5333,"","","",331.752,342.428,197.335,168.614,36.999,10.345
95.5667,"","","",331.417,342.153,196.955,168.227,37,10.356
95.6000,"","","",331.056,341.975,196.661,167.678,36.999,10.374
95.6333,"","","",330.699,341.107,196.31,168.204,37.001,10.335
95.6667,"","","",330.357,340.647,195.866,168.972,37.002,10.311
95.7000,"PCR3","Both","",329.954,340.301,195.384,169.6,37.002,10.289
95.7333,"","","",329.553,339.931,195.054,170.127,37.001,10.303
95.7667,"","","",329.219,339.659,194.669,170.535,36.999,10.328
95.8000,"","","",328.859,339.388,194.096,170.828,37.001,10.295
95.8333,"","","",328.459,339.102,193.614,171.054,37.002,10.271
95.8667,"","","",328.106,338.804,192.944,171.15,37.001,10.261
95.9000,"","","",327.712,338.531,192.262,171.111,37.001,10.256
95.9333,"","","",327.354,338.219,191.655,171.009,37.001,10.243
95.9667,"","","",327.017,337.921,190.976,170.932,37.001,10.239
96.0000,"","","",326.66,337.559,190.22,170.951,37,10.217
96.0333,"","","",326.325,337.286,189.247,170.822,37,10.234
96.0667,"","","",326.002,336.978,188.273,170.442,37,10.252
96.1000,"","","",325.648,336.701,187.347,169.853,37.001,10.223
96.1333,"","","",325.289,336.398,186.539,169.325,37.002,10.21
96.1667,"","","",324.945,336.066,185.766,168.894,37,10.21
96.2000,"","","",324.583,335.786,185.025,168.343,36.999,10.251
96.2333,"","","",324.233,335.459,184.33,167.807,37,10.252
96.2667,"","","",323.918,335.211,183.56,167.024,36.999,10.281
96.3000,"","","",323.587,334.931,182.812,166.177,36.999,10.295
96.3333,"","","",323.249,334.597,182.178,165.373,37,10.283
96.3667,"","","",322.885,334.237,181.606,164.666,37.001,10.231
96.4000,"","","",322.498,333.881,181.008,164.11,37.002,10.225
96.4333,"","","",322.074,333.629,180.429,163.433,37.001,10.223
96.4667,"","","",321.764,333.334,179.946,162.781,37,10.238
96.5000,"","","",321.5,333.041,179.456,162.229,37.002,10.198
96.5333,"","","",321.148,332.699,179.05,161.604,36.999,10.226
96.5667,"","","",320.752,332.41,178.689,161.028,37,10.236
96.6000,"","","",320.384,332.206,178.349,160.364,37,10.224
96.6333,"","","",320.054,331.886,177.961,159.597,37.001,10.201
96.6667,"","","",319.741,331.541,177.513,158.823,37.001,10.184
96.7000,"","","",319.397,331.175,177.124,158.26,37.001,10.185
96.7333,"","","",319.045,330.98,176.76,157.479,36.999,10.227
96.7667,"","","",318.669,330.607,176.573,156.695,36.998,10.242
96.8000,"","","",318.364,330.255,176.343,156.054,36.999,10.26
96.8333,"","","",318.082,329.923,175.909,155.3,37,10.252
96.8667,"","","",317.738,329.575,175.486,154.593,37,10.278
96.9000,"","","",317.355,329.227,175.095,153.846,37.001,10.246
96.9333,"","","",317.016,328.955,174.698,152.725,37.001,10.249
96.9667,"","","",316.762,328.667,174.135,152.578,36.999,10.279
97.0000,"","","",316.414,328.367,173.56,152.698,36.999,10.295
97.0333,"","","",315.993,328.068,173.22,152.879,36.998,10.316
97.0667,"","","",315.666,327.821,172.94,153.075,36.999,10.318
97.1000,"","","",315.364,327.538,172.553,153.176,37,10.328
97.1333,"","","",315.022,327.189,172.185,153.299,37.001,10.294
97.1667,"","","",314.664,326.888,171.943,153.38,37.001,10.271
97.2000,"","","",314.255,326.513,171.834,153.573,37.001,10.267
97.2333,"","","",313.941,326.108,171.758,153.879,37,10.263
97.2667,"","","",313.55,325.801,171.792,154.181,37,10.275
97.3000,"","","",313.152,325.534,171.907,154.381,37.001,10.262
97.3333,"","","",312.792,325.217,172.069,154.695,37.001,10.235
97.3667,"","","",312.481,324.885,172.141,154.982,37.002,10.203
97.4000,"","","",312.207,324.586,172.038,155.244,37.001,10.211
97.4333,"","","",311.883,324.406,171.914,155.207,37.001,10.182
97.4667,"","","",311.502,324.057,171.885,155.239,37.001,10.173
97.5000,"","","",311.143,323.721,171.883,155.365,37,10.19
97.5333,"","","",310.795,323.434,171.919,155.396,36.998,10.253
97.5667,"","","",310.433,323.189,171.996,155.345,36.997,10.28
97.6000,"","","",310.077,322.877,172.036,155.19,36.997,10.29
97.6333,"","","",309.744,322.599,172.023,154.925,36.998,10.284
97.6667,"","","",309.362,322.381,172.06,154.545,36.999,10.293
97.7000,"","","",309.029,322.084,172.104,154.254,37.001,10.255
97.7333,"","","",308.694,321.835,172.206,153.965,37.001,10.236
97.7667,"","","",308.383,321.496,172.395,153.649,37.002,10.203
97.8000,"","","",308.072,321.162,172.466,153.374,37.003,10.184
97.8333,"","","",307.712,320.886,172.419,153.024,37,10.211
97.8667,"","","",307.345,320.611,172.428,152.697,37,10.219
97.9000,"","","",306.98,320.302,172.57,152.355,36.998,10.27
97.9333,"","","",306.622,319.986,172.782,151.849,37,10.238
97.9667,"","","",306.334,319.694,172.865,151.345,37.001,10.22
98.0000,"","","",305.984,319.371,172.903,150.953,36.998,10.27
98.0333,"","","",305.654,319.094,172.914,150.631,36.999,10.27
98.0667,"","","",305.346,318.769,172.878,150.143,37,10.263
98.1000,"","","",304.998,318.525,172.917,149.675,37,10.269
98.1333,"","","",304.638,318.274,172.916,149.209,36.999,10.282
98.1667,"","","",304.329,317.946,172.737,148.857,37,10.296
98.2000,"","","",304.065,317.649,172.413,148.594,36.999,10.317
98.2333,"","","",303.742,317.381,172.132,148.374,36.999,10.329
98.2667,"","","",303.411,317.074,171.83,148.125,37.001,10.296
98.3000,"","","",303.084,316.741,171.34,147.925,37.001,10.276
98.3333,"","","",302.735,316.435,170.875,147.742,37,10.273
98.3667,"","","",302.428,316.132,170.497,147.571,37,10.265
98.4000,"","","",302.107,315.886,170.062,147.202,37,10.275
98.4333,"","","",301.764,315.647,169.565,146.697,37,10.277
98.4667,"","","",301.325,315.37,169.253,146.253,37,10.282
98.5000,"","","",300.973,315.069,168.987,145.832,36.999,10.322
98.5333,"","","",300.641,314.756,168.832,145.595,37.002,10.26
98.5667,"","","",300.38,314.452,168.481,145.589,37.003,10.243
98.6000,"","","",300.063,314.128,168.188,145.673,37.002,10.222
98.6333,"","","",299.704,313.778,168.053,145.817,37.002,10.201
98.6667,"","","",299.338,313.498,168.019,145.979,37.003,10.193
98.7000,"","","",298.955,313.239,168.021,146.154,37.001,10.195
98.7333,"","","",298.608,312.98,167.917,146.284,37,10.201
98.7667,"","","",298.281,312.674,167.756,146.234,36.998,10.236
98.8000,"","","",297.943,312.385,167.671,146.283,36.998,10.254
98.8333,"","","",297.609,312.083,167.616,146.433,36.998,10.268
98.8667,"","","",297.341,311.743,167.451,146.667,36.999,10.276
98.9000,"","","",297.04,311.455,167.271,146.801,36.999,10.309
98.9333,"","","",296.748,311.19,167.053,146.919,36.999,10.318
98.9667,"","","",296.313,310.937,167.02,146.938,37,10.312
99.0000,"","","",295.922,310.594,167.179,146.908,36.999,10.332
99.0333,"","","",295.601,310.22,167.303,147.03,37.002,10.271
99.0667,"","","",295.316,309.935,167.333,147.04,37.003,10.253
99.1000,"","","",294.994,309.612,167.296,147.175,37.003,10.234
99.1333,"","","",294.709,309.313,167.121,147.385,37.002,10.228
99.1667,"","","",294.344,309.046,167.054,147.502,37.001,10.243
99.2000,"","","",293.941,308.741,167.176,147.596,37,10.225
99.2333,"","","",293.581,308.431,167.401,147.737,37.001,10.208
99.2667,"","","",293.218,308.162,167.72,147.864,36.999,10.248
99.3000,"","","",292.855,307.858,168.001,148,36.999,10.238
99.3333,"","","",292.536,307.5,168.273,148.302,36.998,10.279
99.3667,"","","",292.258,307.232,168.427,148.514,36.998,10.301
99.4000,"","","",291.965,307.014,168.454,148.637,37,10.292
99.4333,"","","",291.6,306.679,168.561,148.739,36.999,10.326
99.4667,"","","",291.243,306.387,168.758,148.747,37,10.305
99.5000,"","","",290.88,306.033,168.956,148.916,37,10.325
99.5333,"","","",290.545,305.809,169.014,148.948,36.999,10.333
99.5667,"","","",290.244,305.576,168.974,148.815,37.002,10.282
99.6000,"","","",289.882,305.297,168.965,148.672,37.001,10.273
99.6333,"","","",289.556,304.96,168.913,148.682,37.001,10.27
99.6667,"","","",289.208,304.624,168.902,148.79,36.998,10.312
99.7000,"","","",288.851,304.288,168.862,148.989,36.999,10.316
99.7333,"PCR4","Both","",288.499,303.973,168.811,149.123,37,10.325
99.7667,"","","",288.278,303.701,168.55,149.099,37,10.322
99.8000,"","","",287.532,303.395,169.23,149.045,37,10.301
99.8333,"","","",287.039,302.998,170.194,149.174,37.001,10.289
99.8667,"","","",286.719,303.763,171.076,147.373,37.002,10.234
99.9000,"","","",286.431,301.939,171.68,148.461,37,10.258
99.9333,"","","",286.169,301.735,172.064,149.374,37,10.259
99.9667,"","","",285.922,301.668,172.288,149.919,36.999,10.285
100.0000,"","","",285.675,301.493,172.374,150.186,36.999,10.313
100.0333,"","","",285.519,301.28,172.201,150.213,37,10.311
100.0667,"","","",285.278,301.064,171.876,150.012,37,10.294
100.1000,"","","",284.995,300.807,171.447,149.753,36.999,10.313
100.1333,"","","",284.725,300.524,170.914,149.454,37,10.311
100.1667,"","","",284.415,300.298,170.352,149.036,36.999,10.331
100.2000,"","","",284.114,300.06,169.619,148.603,37,10.319
100.2333,"","","",283.852,299.778,168.703,148.141,37,10.324
100.2667,"","","",283.566,299.517,167.633,147.572,37,10.305
100.3000,"","","",283.257,299.29,166.728,146.81,37.001,10.266
100.3333,"","","",282.914,299.032,165.98,146.087,37.003,10.235
100.3667,"","","",282.657,298.739,165.096,145.534,37.001,10.244
100.4000,"","","",282.448,298.393,163.93,145.086,37.001,10.228
100.4333,"","","",282.156,298.061,162.709,144.783,37,10.231
100.4667,"","","",281.85,297.811,161.394,144.429,37,10.216
100.5000,"","","",281.57,297.561,160.085,143.966,36.999,10.251
100.5333,"","","",281.269,297.306,158.904,143.48,36.999,10.262
100.5667,"","","",280.951,296.984,157.808,143.106,36.999,10.283
100.6000,"","","",280.716,296.74,156.655,142.621,36.999,10.301
100.6333,"","","",280.462,296.467,155.492,142.149,36.998,10.348
100.6667,"","","",280.178,296.212,154.298,141.762,36.998,10.359
100.7000,"","","",279.89,295.977,153.008,141.265,36.997,10.376
100.7333,"","","",279.592,295.726,151.665,140.589,36.998,10.417
100.7667,"","","",279.258,295.521,150.475,139.874,37,10.409
100.8000,"","","",278.935,295.284,149.405,139.106,37.001,10.384
100.8333,"","","",278.614,295.101,148.465,138.312,37.001,10.358
100.8667,"","","",278.34,294.92,147.52,137.253,37,10.378
100.9000,"","","",278.053,294.684,146.535,136.054,37,10.377
100.9333,"","","",277.777,294.392,145.606,134.902,37.001,10.351
100.9667,"","","",277.528,294.157,144.623,133.808,37.001,10.338
101.0000,"","","",277.214,293.965,143.757,132.696,37.001,10.307
101.0333,"","","",276.916,293.72,142.996,131.68,37.001,10.3
101.0667,"","","",276.633,293.433,142.31,130.801,37.001,10.292
101.1000,"","","",276.372,293.189,141.416,129.905,36.999,10.335
101.1333,"","","",276.079,292.953,141.374,129.042,37,10.333
101.1667,"","","",275.801,292.695,141.713,128.434,36.999,10.367
101.2000,"","","",275.529,292.452,142.111,125.834,36.999,10.388
101.2333,"","","",275.268,292.223,142.492,126.099,36.999,10.407
101.2667,"","","",275.014,291.984,142.793,126.283,36.998,10.453
101.3000,"","","",274.722,291.788,143.058,126.039,36.999,10.446
101.3333,"","","",274.459,291.564,143.228,125.616,37,10.456
101.3667,"","","",274.152,291.318,143.206,125.12,37.001,10.432
101.4000,"","","",273.862,291.099,143.115,124.504,37.001,10.407
101.4333,"","","",273.588,290.829,142.998,123.943,37.002,10.366
101.4667,"","","",273.299,290.543,142.857,123.513,37.003,10.348
101.5000,"","","",273.001,290.276,142.785,123.072,37.002,10.343
101.5333,"","","",272.699,290.016,142.775,122.622,37.002,10.327
101.5667,"","","",272.402,289.737,142.741,122.281,37.002,10.32
101.6000,"","","",272.129,289.502,142.683,121.93,37,10.351
101.6333,"","","",271.827,289.293,142.698,121.46,36.999,10.372
101.6667,"","","",271.533,289.036,142.839,121.019,36.999,10.389
101.7000,"","","",271.265,288.768,142.895,120.694,36.999,10.403
101.7333,"","","",270.935,288.539,142.89,120.517,36.998,10.441
101.7667,"","","",270.628,288.224,142.927,120.631,37,10.411
101.8000,"","","",270.365,287.938,142.953,120.824,36.999,10.44
101.8333,"","","",270.07,287.681,142.979,121.043,37.001,10.394
101.8667,"","","",269.765,287.503,143.063,121.153,37.001,10.391
101.9000,"","","",269.473,287.216,143.214,121.485,37.001,10.356
101.9333,"","","",269.197,286.917,143.245,121.918,37.003,10.299
101.9667,"","","",268.903,286.626,143.221,122.486,37.002,10.28
102.0000,"","","",268.644,286.421,143.133,122.996,37.002,10.277
102.0333,"","","",268.412,286.231,142.941,123.39,37.002,10.258
102.0667,"","","",268.128,286.002,142.766,123.769,37.003,10.236
102.1000,"","","",267.835,285.686,142.692,124.209,37.003,10.222
102.1333,"","","",267.514,285.432,142.757,124.646,37.002,10.214
102.1667,"","","",267.221,285.16,142.902,125.008,37.001,10.211
102.2000,"","","",266.904,284.94,143.085,125.188,36.999,10.234
102.2333,"","","",266.607,284.614,143.291,125.483,37.001,10.199
102.2667,"","","",266.361,284.318,143.405,125.936,36.999,10.234
102.3000,"","","",266.087,284.083,143.426,126.326,36.999,10.26
102.3333,"","","",265.856,283.891,143.401,126.49,36.998,10.277
102.3667,"","","",265.626,283.606,143.303,126.704,36.998,10.311
102.4000,"","","",265.375,283.368,143.149,126.954,36.998,10.306
102.4333,"","","",265.101,283.101,142.945,127.218,36.997,10.343
102.4667,"","","",264.789,282.833,142.816,127.48,37,10.321
102.5000,"","","",264.433,282.554,142.814,127.8,36.999,10.345
102.5333,"","","",264.064,282.357,142.945,127.996,36.999,10.369
102.5667,"","","",263.764,282.121,143.05,128.116,37,10.373
102.6000,"","","",263.452,281.928,143.135,128.101,37.001,10.338
102.6333,"","","",263.135,281.635,143.278,128.058,37.001,10.342
102.6667,"","","",262.811,281.336,143.431,128.038,37.002,10.306
102.7000,"","","",262.521,281.116,143.612,127.933,37.001,10.298
102.7333,"","","",262.244,280.968,143.767,127.564,37.001,10.273
102.7667,"","","",261.921,280.685,143.951,127.282,36.999,10.319
102.8000,"","","",261.663,280.358,144.066,127.196,36.998,10.35
102.8333,"","","",261.381,280.043,144.18,127.246,36.998,10.366
102.8667,"","","",261.058,279.773,144.374,127.327,36.998,10.382
102.9000,"","","",260.768,279.557,144.579,127.381,37,10.358
102.9333,"","","",260.493,279.291,144.72,127.417,37.001,10.334
102.9667,"","","",260.221,279.007,144.849,127.418,37.001,10.325
103.0000,"","","",259.914,278.74,145.014,127.435,37.001,10.306
103.0333,"","","",259.614,278.504,145.154,127.435,36.999,10.325
103.0667,"","","",259.355,278.223,145.31,127.426,36.999,10.358
103.1000,"","","",259.081,278.039,145.471,127.392,36.999,10.379
103.1333,"","","",258.6,277.848,145.936,127.301,36.995,10.456
103.1667,"","","",258.232,277.631,146.535,127.155,36.997,10.449
103.2000,"","","",258.18,277.327,146.706,126.965,36.999,10.467
103.2333,"","","",258.105,277.075,146.49,126.833,37.002,10.415
103.2667,"","","",257.961,276.59,146.001,127.212,37,10.415
103.3000,"SUCC","Both","",257.735,276.143,145.438,128,37.002,10.359
103.3333,"","","",257.472,276.309,144.807,127.895,37.001,10.363
103.3667,"","","",257.247,276.27,143.985,127.279,37.002,10.334
103.4000,"","","",257.039,276.238,143.042,126.226,37,10.33
103.4333,"","","",256.747,276.139,142.156,125.047,37,10.348
103.4667,"","","",256.422,275.998,141.443,123.718,36.998,10.385
103.5000,"","","",256.081,275.696,140.874,122.579,36.997,10.407
103.5333,"","","",255.734,275.415,140.505,121.489,36.998,10.406
103.5667,"","","",255.439,275.189,140.2,120.547,36.999,10.419
103.6000,"","","",255.139,275.151,139.871,119.36,36.999,10.44
103.6333,"","","",254.838,274.929,139.565,118.171,36.999,10.439
103.6667,"","","",254.506,274.684,139.255,116.94,37.001,10.417
103.7000,"","","",254.225,274.413,138.836,115.89,37.001,10.378
103.7333,"","","",253.939,274.184,138.354,114.853,37,10.397
103.7667,"","","",253.542,274.009,138.053,113.788,36.999,10.427
103.8000,"","","",253.192,273.844,137.908,112.688,36.999,10.444
103.8333,"","","",252.848,273.621,137.988,111.69,37,10.44
103.8667,"","","",252.511,273.386,138.308,110.662,37,10.435
103.9000,"","","",252.239,273.267,138.62,109.465,37.001,10.412
103.9333,"","","",251.923,273.04,139.028,108.223,37,10.401
103.9667,"","","",251.557,272.73,139.634,107.277,37.001,10.399
104.0000,"","","",251.271,272.468,140.297,106.55,37.001,10.36
104.0333,"","","",250.96,272.211,141.006,105.883,37,10.358
104.0667,"","","",250.605,272.001,141.811,105.051,37,10.371
104.1000,"","","",250.257,271.756,142.784,104.369,37,10.376
104.1333,"","","",249.942,271.452,143.735,104.036,36.999,10.399
104.1667,"","","",249.589,271.2,144.774,103.933,36.999,10.412
104.2000,"","","",249.294,270.86,145.868,104.142,37.002,10.364
104.2333,"","","",248.965,270.579,147.018,104.445,37,10.371
104.2667,"","","",248.576,270.301,148.301,104.925,37.001,10.347
104.3000,"","","",248.216,270.032,149.647,105.601,37.001,10.343
104.3333,"","","",247.857,269.836,151.113,106.306,36.999,10.373
104.3667,"","","",247.516,269.598,152.649,107.065,36.999,10.386
104.4000,"","","",247.205,269.39,154.118,107.91,36.999,10.408
104.4333,"","","",246.833,269.115,155.654,108.784,36.999,10.423
104.4667,"","","",246.502,268.859,157.573,109.656,36.998,10.467
104.5000,"","","",246.172,268.592,159.666,110.589,37,10.422
104.5333,"","","",245.845,268.342,161.327,111.717,37.001,10.404
104.5667,"","","",245.513,268.059,162.584,113.005,37.001,10.405
104.6000,"","","",245.163,267.791,163.576,114.869,37.002,10.375
104.6333,"","","",244.857,267.478,164.362,117.341,37.002,10.352
104.6667,"","","",244.543,267.155,165.019,119.271,37.002,10.321
104.7000,"","","",244.207,266.883,165.51,120.914,37.001,10.316
104.7333,"","","",243.887,266.63,165.765,122.202,37.002,10.288
104.7667,"","","",243.539,266.35,165.983,123.291,37,10.322
104.8000,"","","",243.203,266.058,166.202,124.268,36.998,10.368
104.8333,"","","",242.832,265.846,166.516,125.28,36.999,10.362
104.8667,"","","",242.482,265.608,166.894,126.343,37.001,10.342
104.9000,"","","",242.115,265.374,167.269,127.349,36.999,10.378
104.9333,"","","",241.782,265.106,167.58,127.999,36.998,10.394
104.9667,"","","",241.448,264.867,167.828,128.57,36.996,10.463
105.0000,"","","",241.126,264.628,168.047,129.107,36.997,10.465
105.0333,"","","",240.797,264.338,168.151,129.75,37,10.444
105.0667,"","","",240.487,264.112,168.115,130.303,37,10.463
105.1000,"","","",240.183,263.819,168.136,130.783,37,10.439
105.1333,"","","",239.858,263.477,168.171,131.25,36.998,10.503
105.1667,"","","",239.491,263.188,168.287,131.701,36.997,10.51
105.2000,"","","",239.147,262.937,168.428,132.086,36.999,10.508
105.2333,"","","",238.828,262.68,168.422,132.19,37,10.489
105.2667,"","","",238.508,262.44,168.352,132.176,37,10.484
105.3000,"","","",238.206,262.191,168.28,132.217,37,10.475
105.3333,"","","",237.863,261.973,168.131,132.173,37.001,10.462
105.3667,"","","",237.496,261.708,167.994,132.124,36.998,10.519
105.4000,"","","",237.092,261.426,168.016,132.011,36.998,10.537
105.4333,"","","",236.773,261.06,168.024,132.045,36.999,10.524
105.4667,"","","",236.414,260.681,168.03,132.354,37.001,10.479
105.5000,"","","",236.039,260.404,168.13,132.643,37.002,10.47
105.5333,"","","",235.676,260.095,168.192,133.139,37.003,10.419
105.5667,"","","",235.317,259.881,168.264,133.557,37.003,10.399
105.6000,"","","",234.954,259.67,168.47,133.891,37.003,10.398
105.6333,"","","",234.663,259.377,168.622,134.283,37.002,10.368
105.6667,"","","",234.315,259.041,168.828,134.666,37.003,10.366
105.7000,"","","",233.966,258.743,169.058,135.039,37.002,10.351
105.7333,"","","",233.605,258.412,169.277,135.401,37.004,10.282
105.7667,"","","",233.256,258.125,169.574,135.785,37.003,10.287
105.8000,"","","",232.944,257.862,169.804,136.113,37.001,10.305
105.8333,"","","",232.585,257.636,170.052,136.335,37,10.293
105.8667,"","","",232.241,257.413,170.286,136.418,37,10.312
105.9000,"","","",231.913,257.094,170.482,136.603,37,10.311
105.9333,"","","",231.564,256.778,170.714,136.854,37,10.309
105.9667,"","","",231.203,256.481,170.916,137.217,37,10.338
106.0000,"","","",230.879,256.184,171.035,137.713,36.999,10.354
106.0333,"","","",230.551,255.917,171.119,138.19,37,10.348
106.0667,"","","",230.197,255.643,171.185,138.627,37,10.359
106.1000,"","","",229.831,255.384,171.305,139.044,36.999,10.381
106.1333,"","","",229.522,255.084,171.35,139.545,36.999,10.401
106.1667,"","","",229.178,254.826,171.456,139.896,36.998,10.433
106.2000,"","","",228.862,254.59,171.533,140.102,36.997,10.462
106.2333,"","","",228.505,254.339,171.69,140.182,36.998,10.462
106.2667,"","","",228.159,254.048,171.845,140.275,37,10.43
106.3000,"","","",227.833,253.754,171.96,140.328,37.001,10.414
106.3333,"","","",227.505,253.487,172.015,140.289,37.001,10.38
106.3667,"","","",227.178,253.204,172.024,140.279,37.002,10.37
106.4000,"","","",226.813,252.963,172.02,140.1,36.999,10.4
106.4333,"","","",226.437,252.626,172.005,140.055,37,10.409
106.4667,"","","",226.089,252.37,171.962,140.085,36.998,10.459
106.5000,"","","",225.728,252.07,171.994,140.178,36.999,10.452
106.5333,"","","",225.355,251.777,172.077,140.247,36.998,10.49
106.5667,"","","",224.998,251.536,172.134,140.205,36.998,10.514
106.6000,"","","",224.653,251.293,172.14,140.024,36.999,10.515
106.6333,"","","",224.321,251.058,172.035,139.705,37,10.499
106.6667,"","","",224.003,250.764,171.868,139.298,37,10.521
106.7000,"","","",223.673,250.497,171.709,138.837,36.999,10.552
106.7333,"","","",223.319,250.246,171.68,138.329,37.002,10.498