2026-01-15_P1_02_A_VECTOR_B_ATF3_NONAPYR.dld8																			
drb	P1	1B	O2 calibration	POS #	A0339-O2	Marks from	Median	Unit	base	pyr+mal	adp1	adp2	adp3	adpmax	cytoc	succ	rot	antia	
Protocol			Temp	37	°C		State												
Sample type			Air saturation	205.75443770054406	µM		Concentration		0	0	0	0	0	0	0	0	0	0	
Cohort			R1	1.94455	V		Volume		0	0	0	0	0	0	0	0	0	0	
Sample code			R0	0.01086	V		Start		01:24:35	01:30:30	01:41:11	01:49:57	01:56:33	02:04:55	02:11:08	02:18:05	02:24:33	02:29:02	
Sample number	0		pb	99.3	kPa		Stop		01:27:04	01:32:38	01:43:09	01:51:58	01:58:25	02:07:39	02:13:07	02:20:53	02:26:20	02:30:44	
Subsample number	0		FM	1			N Points		75	65	59	61	56	82	60	84	54	52	
Sample concentration	0	/mL	Medium				1B: O2 concentration	µM	152.84131988966095	142.39553325940355	124.52160804650107	110.17926741400242	97.72189276046893	73.6605121890102	57.69176992013094	40.16100108781907	24.046483860363324	19.970637299580908	
Sample amount	0		O2 background a°	-2	pmol/(s*mL)		1B: O2 slope neg.	pmol·s-1·mL-1	35.60642350217497	35.44546835180418	26.750895717353174	28.884487245525808	38.074627063108906	52.27691026324098	48.72000107434047	53.592076044635256	46.003577221818745	-3.7957217143341873	
Chamber volume	2	mL	O2 background b°	0.025															
